STATION,STATION_NAME,ELEVATION,LATITUDE,LONGITUDE,DATE,PRCP,Measurement Flag,Quality Flag,Source Flag,Time of Observation,TMAX,Measurement Flag,Quality Flag,Source Flag,Time of Observation,TMIN,Measurement Flag,Quality Flag,Source Flag,Time of Observation,WT01,Measurement Flag,Quality Flag,Source Flag,Time of Observation,WT08,Measurement Flag,Quality Flag,Source Flag,Time of Observation
GHCND:USW00014819,CHICAGO MIDWAY AIRPORT IL US,186.5,41.78611,-87.75222,20160101,0.00,T, ,W,9999,31, , ,W,9999,20, , ,W,9999,-9999, , , ,9999,-9999, , , ,9999
GHCND:USW00014819,CHICAGO MIDWAY AIRPORT IL US,186.5,41.78611,-87.75222,20160102,0.00, , ,W,9999,33, , ,W,9999,22, , ,W,9999,-9999, , , ,9999,-9999, , , ,9999
GHCND:USW00014819,CHICAGO MIDWAY AIRPORT IL US,186.5,41.78611,-87.75222,20160103,0.00,T, ,W,9999,31, , ,W,9999,24, , ,W,9999,-9999, , , ,9999,-9999, , , ,9999
GHCND:USW00014819,CHICAGO MIDWAY AIRPORT IL US,186.5,41.78611,-87.75222,20160104,0.00,T, ,W,9999,32, , ,W,9999,25, , ,W,9999,-9999, , , ,9999,-9999, , , ,9999
GHCND:USW00014819,CHICAGO MIDWAY AIRPORT IL US,186.5,41.78611,-87.75222,20160105,0.00, , ,W,9999,34, , ,W,9999,21, , ,W,9999,-9999, , , ,9999,-9999, , , ,9999
GHCND:USW00014819,CHICAGO MIDWAY AIRPORT IL US,186.5,41.78611,-87.75222,20160106,0.00, , ,W,9999,39, , ,W,9999,25, , ,W,9999,-9999, , , ,9999,-9999, , , ,9999
GHCND:USW00014819,CHICAGO MIDWAY AIRPORT IL US,186.5,41.78611,-87.75222,20160107,0.00,T, ,W,9999,43, , ,W,9999,36, , ,W,9999,-9999, , , ,9999,-9999, , , ,9999
GHCND:USW00014819,CHICAGO MIDWAY AIRPORT IL US,186.5,41.78611,-87.75222,20160108,0.18, , ,W,9999,46, , ,W,9999,39, , ,W,9999,-9999, , , ,9999,-9999, , , ,9999
GHCND:USW00014819,CHICAGO MIDWAY AIRPORT IL US,186.5,41.78611,-87.75222,20160109,0.27, , ,W,9999,44, , ,W,9999,27, , ,W,9999,-9999, , , ,9999,-9999, , , ,9999
GHCND:USW00014819,CHICAGO MIDWAY AIRPORT IL US,186.5,41.78611,-87.75222,20160110,0.00,T, ,W,9999,27, , ,W,9999,4, , ,W,9999,-9999, , , ,9999,-9999, , , ,9999
GHCND:USW00014819,CHICAGO MIDWAY AIRPORT IL US,186.5,41.78611,-87.75222,20160111,0.06, , ,W,9999,26, , ,W,9999,2, , ,W,9999,-9999, , , ,9999,-9999, , , ,9999
GHCND:USW00014819,CHICAGO MIDWAY AIRPORT IL US,186.5,41.78611,-87.75222,20160112,0.00,T, ,W,9999,22, , ,W,9999,5, , ,W,9999,-9999, , , ,9999,-9999, , , ,9999
GHCND:USW00014819,CHICAGO MIDWAY AIRPORT IL US,186.5,41.78611,-87.75222,20160113,0.00,T, ,W,9999,29, , ,W,9999,2, , ,W,9999,-9999, , , ,9999,-9999, , , ,9999
GHCND:USW00014819,CHICAGO MIDWAY AIRPORT IL US,186.5,41.78611,-87.75222,20160114,0.00, , ,W,9999,45, , ,W,9999,28, , ,W,9999,-9999, , , ,9999,-9999, , , ,9999
GHCND:USW00014819,CHICAGO MIDWAY AIRPORT IL US,186.5,41.78611,-87.75222,20160115,0.02, , ,W,9999,43, , ,W,9999,32, , ,W,9999,-9999, , , ,9999,-9999, , , ,9999
GHCND:USW00014819,CHICAGO MIDWAY AIRPORT IL US,186.5,41.78611,-87.75222,20160116,0.00, , ,W,9999,32, , ,W,9999,14, , ,W,9999,-9999, , , ,9999,-9999, , , ,9999
GHCND:USW00014819,CHICAGO MIDWAY AIRPORT IL US,186.5,41.78611,-87.75222,20160117,0.00,T, ,W,9999,14, , ,W,9999,1, , ,W,9999,-9999, , , ,9999,-9999, , , ,9999
GHCND:USW00014819,CHICAGO MIDWAY AIRPORT IL US,186.5,41.78611,-87.75222,20160118,0.00, , ,W,9999,10, , ,W,9999,-2, , ,W,9999,-9999, , , ,9999,-9999, , , ,9999
GHCND:USW00014819,CHICAGO MIDWAY AIRPORT IL US,186.5,41.78611,-87.75222,20160119,0.00, , ,W,9999,18, , ,W,9999,2, , ,W,9999,-9999, , , ,9999,-9999, , , ,9999
GHCND:USW00014819,CHICAGO MIDWAY AIRPORT IL US,186.5,41.78611,-87.75222,20160120,0.03, , ,W,9999,25, , ,W,9999,13, , ,W,9999,-9999, , , ,9999,-9999, , , ,9999
GHCND:USW00014819,CHICAGO MIDWAY AIRPORT IL US,186.5,41.78611,-87.75222,20160121,0.00, , ,W,9999,32, , ,W,9999,16, , ,W,9999,-9999, , , ,9999,-9999, , , ,9999
GHCND:USW00014819,CHICAGO MIDWAY AIRPORT IL US,186.5,41.78611,-87.75222,20160122,0.01, , ,W,9999,32, , ,W,9999,21, , ,W,9999,-9999, , , ,9999,-9999, , , ,9999
GHCND:USW00014819,CHICAGO MIDWAY AIRPORT IL US,186.5,41.78611,-87.75222,20160123,0.00,T, ,W,9999,35, , ,W,9999,24, , ,W,9999,-9999, , , ,9999,-9999, , , ,9999
GHCND:USW00014819,CHICAGO MIDWAY AIRPORT IL US,186.5,41.78611,-87.75222,20160124,0.00, , ,W,9999,37, , ,W,9999,24, , ,W,9999,-9999, , , ,9999,-9999, , , ,9999
GHCND:USW00014819,CHICAGO MIDWAY AIRPORT IL US,186.5,41.78611,-87.75222,20160125,0.06, , ,W,9999,43, , ,W,9999,29, , ,W,9999,-9999, , , ,9999,-9999, , , ,9999
GHCND:USW00014819,CHICAGO MIDWAY AIRPORT IL US,186.5,41.78611,-87.75222,20160126,0.00,T, ,W,9999,38, , ,W,9999,27, , ,W,9999,-9999, , , ,9999,-9999, , , ,9999
GHCND:USW00014819,CHICAGO MIDWAY AIRPORT IL US,186.5,41.78611,-87.75222,20160127,0.00,T, ,W,9999,35, , ,W,9999,26, , ,W,9999,-9999, , , ,9999,-9999, , , ,9999
GHCND:USW00014819,CHICAGO MIDWAY AIRPORT IL US,186.5,41.78611,-87.75222,20160128,0.00,T, ,W,9999,41, , ,W,9999,31, , ,W,9999,-9999, , , ,9999,-9999, , , ,9999
GHCND:USW00014819,CHICAGO MIDWAY AIRPORT IL US,186.5,41.78611,-87.75222,20160129,0.00, , ,W,9999,37, , ,W,9999,24, , ,W,9999,-9999, , , ,9999,-9999, , , ,9999
GHCND:USW00014819,CHICAGO MIDWAY AIRPORT IL US,186.5,41.78611,-87.75222,20160130,0.00,T, ,W,9999,49, , ,W,9999,36, , ,W,9999,-9999, , , ,9999,-9999, , , ,9999
GHCND:USW00014819,CHICAGO MIDWAY AIRPORT IL US,186.5,41.78611,-87.75222,20160131,0.02, , ,W,9999,49, , ,W,9999,34, , ,W,9999,-9999, , , ,9999,-9999, , , ,9999
GHCND:USW00014819,CHICAGO MIDWAY AIRPORT IL US,186.5,41.78611,-87.75222,20160201,0.00, , ,W,9999,47, , ,W,9999,31, , ,W,9999,-9999, , , ,9999,-9999, , , ,9999
GHCND:USW00014819,CHICAGO MIDWAY AIRPORT IL US,186.5,41.78611,-87.75222,20160202,0.74, , ,W,9999,40, , ,W,9999,36, , ,W,9999,-9999, , , ,9999,-9999, , , ,9999
GHCND:USW00014819,CHICAGO MIDWAY AIRPORT IL US,186.5,41.78611,-87.75222,20160203,0.00,T, ,W,9999,39, , ,W,9999,29, , ,W,9999,-9999, , , ,9999,-9999, , , ,9999
GHCND:USW00014819,CHICAGO MIDWAY AIRPORT IL US,186.5,41.78611,-87.75222,20160204,0.00,T, ,W,9999,32, , ,W,9999,21, , ,W,9999,-9999, , , ,9999,-9999, , , ,9999
GHCND:USW00014819,CHICAGO MIDWAY AIRPORT IL US,186.5,41.78611,-87.75222,20160205,0.00,T, ,W,9999,34, , ,W,9999,27, , ,W,9999,-9999, , , ,9999,-9999, , , ,9999
GHCND:USW00014819,CHICAGO MIDWAY AIRPORT IL US,186.5,41.78611,-87.75222,20160206,0.00, , ,W,9999,42, , ,W,9999,26, , ,W,9999,-9999, , , ,9999,-9999, , , ,9999
GHCND:USW00014819,CHICAGO MIDWAY AIRPORT IL US,186.5,41.78611,-87.75222,20160207,0.00, , ,W,9999,46, , ,W,9999,34, , ,W,9999,-9999, , , ,9999,-9999, , , ,9999
GHCND:USW00014819,CHICAGO MIDWAY AIRPORT IL US,186.5,41.78611,-87.75222,20160208,0.00,T, ,W,9999,34, , ,W,9999,23, , ,W,9999,-9999, , , ,9999,-9999, , , ,9999
GHCND:USW00014819,CHICAGO MIDWAY AIRPORT IL US,186.5,41.78611,-87.75222,20160209,0.00,T, ,W,9999,23, , ,W,9999,15, , ,W,9999,-9999, , , ,9999,-9999, , , ,9999
GHCND:USW00014819,CHICAGO MIDWAY AIRPORT IL US,186.5,41.78611,-87.75222,20160210,0.00,T, ,W,9999,19, , ,W,9999,11, , ,W,9999,-9999, , , ,9999,-9999, , , ,9999
GHCND:USW00014819,CHICAGO MIDWAY AIRPORT IL US,186.5,41.78611,-87.75222,20160211,0.00, , ,W,9999,24, , ,W,9999,9, , ,W,9999,-9999, , , ,9999,-9999, , , ,9999
GHCND:USW00014819,CHICAGO MIDWAY AIRPORT IL US,186.5,41.78611,-87.75222,20160212,0.00,T, ,W,9999,25, , ,W,9999,9, , ,W,9999,-9999, , , ,9999,-9999, , , ,9999
GHCND:USW00014819,CHICAGO MIDWAY AIRPORT IL US,186.5,41.78611,-87.75222,20160213,0.00, , ,W,9999,19, , ,W,9999,4, , ,W,9999,-9999, , , ,9999,-9999, , , ,9999
GHCND:USW00014819,CHICAGO MIDWAY AIRPORT IL US,186.5,41.78611,-87.75222,20160214,0.01, , ,W,9999,19, , ,W,9999,13, , ,W,9999,-9999, , , ,9999,-9999, , , ,9999
GHCND:USW00014819,CHICAGO MIDWAY AIRPORT IL US,186.5,41.78611,-87.75222,20160215,0.00,T, ,W,9999,29, , ,W,9999,19, , ,W,9999,-9999, , , ,9999,-9999, , , ,9999
GHCND:USW00014819,CHICAGO MIDWAY AIRPORT IL US,186.5,41.78611,-87.75222,20160216,0.03, , ,W,9999,37, , ,W,9999,26, , ,W,9999,-9999, , , ,9999,-9999, , , ,9999
GHCND:USW00014819,CHICAGO MIDWAY AIRPORT IL US,186.5,41.78611,-87.75222,20160217,0.00, , ,W,9999,36, , ,W,9999,27, , ,W,9999,-9999, , , ,9999,-9999, , , ,9999
GHCND:USW00014819,CHICAGO MIDWAY AIRPORT IL US,186.5,41.78611,-87.75222,20160218,0.00, , ,W,9999,42, , ,W,9999,26, , ,W,9999,-9999, , , ,9999,-9999, , , ,9999
GHCND:USW00014819,CHICAGO MIDWAY AIRPORT IL US,186.5,41.78611,-87.75222,20160219,0.00, , ,W,9999,65, , ,W,9999,42, , ,W,9999,-9999, , , ,9999,-9999, , , ,9999
GHCND:USW00014819,CHICAGO MIDWAY AIRPORT IL US,186.5,41.78611,-87.75222,20160220,0.00, , ,W,9999,60, , ,W,9999,42, , ,W,9999,-9999, , , ,9999,-9999, , , ,9999
GHCND:USW00014819,CHICAGO MIDWAY AIRPORT IL US,186.5,41.78611,-87.75222,20160221,0.00, , ,W,9999,44, , ,W,9999,35, , ,W,9999,-9999, , , ,9999,-9999, , , ,9999
GHCND:USW00014819,CHICAGO MIDWAY AIRPORT IL US,186.5,41.78611,-87.75222,20160222,0.00, , ,W,9999,45, , ,W,9999,28, , ,W,9999,-9999, , , ,9999,-9999, , , ,9999
GHCND:USW00014819,CHICAGO MIDWAY AIRPORT IL US,186.5,41.78611,-87.75222,20160223,0.00, , ,W,9999,46, , ,W,9999,31, , ,W,9999,-9999, , , ,9999,-9999, , , ,9999
GHCND:USW00014819,CHICAGO MIDWAY AIRPORT IL US,186.5,41.78611,-87.75222,20160224,0.04, , ,W,9999,39, , ,W,9999,32, , ,W,9999,-9999, , , ,9999,-9999, , , ,9999
GHCND:USW00014819,CHICAGO MIDWAY AIRPORT IL US,186.5,41.78611,-87.75222,20160225,0.00,T, ,W,9999,38, , ,W,9999,32, , ,W,9999,-9999, , , ,9999,-9999, , , ,9999
GHCND:USW00014819,CHICAGO MIDWAY AIRPORT IL US,186.5,41.78611,-87.75222,20160226,0.00,T, ,W,9999,35, , ,W,9999,28, , ,W,9999,-9999, , , ,9999,-9999, , , ,9999
GHCND:USW00014819,CHICAGO MIDWAY AIRPORT IL US,186.5,41.78611,-87.75222,20160227,0.00, , ,W,9999,55, , ,W,9999,28, , ,W,9999,-9999, , , ,9999,-9999, , , ,9999
GHCND:USW00014819,CHICAGO MIDWAY AIRPORT IL US,186.5,41.78611,-87.75222,20160228,0.05, , ,W,9999,64, , ,W,9999,38, , ,W,9999,-9999, , , ,9999,-9999, , , ,9999
GHCND:USW00014819,CHICAGO MIDWAY AIRPORT IL US,186.5,41.78611,-87.75222,20160229,0.00,T, ,W,9999,55, , ,W,9999,30, , ,W,9999,-9999, , , ,9999,-9999, , , ,9999
GHCND:USW00014819,CHICAGO MIDWAY AIRPORT IL US,186.5,41.78611,-87.75222,20160301,0.06, , ,W,9999,33, , ,W,9999,20, , ,W,9999,-9999, , , ,9999,-9999, , , ,9999
GHCND:USW00014819,CHICAGO MIDWAY AIRPORT IL US,186.5,41.78611,-87.75222,20160302,0.00,T, ,W,9999,33, , ,W,9999,14, , ,W,9999,-9999, , , ,9999,-9999, , , ,9999
GHCND:USW00014819,CHICAGO MIDWAY AIRPORT IL US,186.5,41.78611,-87.75222,20160303,0.05, , ,W,9999,33, , ,W,9999,29, , ,W,9999,-9999, , , ,9999,-9999, , , ,9999
GHCND:USW00014819,CHICAGO MIDWAY AIRPORT IL US,186.5,41.78611,-87.75222,20160304,0.03, , ,W,9999,39, , ,W,9999,23, , ,W,9999,-9999, , , ,9999,-9999, , , ,9999
GHCND:USW00014819,CHICAGO MIDWAY AIRPORT IL US,186.5,41.78611,-87.75222,20160305,0.00,T, ,W,9999,40, , ,W,9999,29, , ,W,9999,-9999, , , ,9999,-9999, , , ,9999
GHCND:USW00014819,CHICAGO MIDWAY AIRPORT IL US,186.5,41.78611,-87.75222,20160306,0.00, , ,W,9999,53, , ,W,9999,35, , ,W,9999,-9999, , , ,9999,-9999, , , ,9999
GHCND:USW00014819,CHICAGO MIDWAY AIRPORT IL US,186.5,41.78611,-87.75222,20160307,0.00,T, ,W,9999,62, , ,W,9999,47, , ,W,9999,-9999, , , ,9999,-9999, , , ,9999
GHCND:USW00014819,CHICAGO MIDWAY AIRPORT IL US,186.5,41.78611,-87.75222,20160308,0.00, , ,W,9999,73, , ,W,9999,58, , ,W,9999,-9999, , , ,9999,-9999, , , ,9999
GHCND:USW00014819,CHICAGO MIDWAY AIRPORT IL US,186.5,41.78611,-87.75222,20160309,0.06, , ,W,9999,65, , ,W,9999,53, , ,W,9999,-9999, , , ,9999,-9999, , , ,9999
GHCND:USW00014819,CHICAGO MIDWAY AIRPORT IL US,186.5,41.78611,-87.75222,20160310,0.00, , ,W,9999,53, , ,W,9999,41, , ,W,9999,-9999, , , ,9999,-9999, , , ,9999
GHCND:USW00014819,CHICAGO MIDWAY AIRPORT IL US,186.5,41.78611,-87.75222,20160311,0.00, , ,W,9999,53, , ,W,9999,37, , ,W,9999,-9999, , , ,9999,-9999, , , ,9999
GHCND:USW00014819,CHICAGO MIDWAY AIRPORT IL US,186.5,41.78611,-87.75222,20160312,0.00,T, ,W,9999,60, , ,W,9999,38, , ,W,9999,-9999, , , ,9999,-9999, , , ,9999
GHCND:USW00014819,CHICAGO MIDWAY AIRPORT IL US,186.5,41.78611,-87.75222,20160313,0.75, , ,W,9999,50, , ,W,9999,43, , ,W,9999,-9999, , , ,9999,-9999, , , ,9999
GHCND:USW00014819,CHICAGO MIDWAY AIRPORT IL US,186.5,41.78611,-87.75222,20160314,0.11, , ,W,9999,54, , ,W,9999,43, , ,W,9999,-9999, , , ,9999,-9999, , , ,9999
GHCND:USW00014819,CHICAGO MIDWAY AIRPORT IL US,186.5,41.78611,-87.75222,20160315,0.09, , ,W,9999,64, , ,W,9999,48, , ,W,9999,-9999, , , ,9999,-9999, , , ,9999
GHCND:USW00014819,CHICAGO MIDWAY AIRPORT IL US,186.5,41.78611,-87.75222,20160316,0.13, , ,W,9999,58, , ,W,9999,47, , ,W,9999,-9999, , , ,9999,-9999, , , ,9999
GHCND:USW00014819,CHICAGO MIDWAY AIRPORT IL US,186.5,41.78611,-87.75222,20160317,0.00, , ,W,9999,58, , ,W,9999,43, , ,W,9999,-9999, , , ,9999,-9999, , , ,9999
GHCND:USW00014819,CHICAGO MIDWAY AIRPORT IL US,186.5,41.78611,-87.75222,20160318,0.00, , ,W,9999,50, , ,W,9999,35, , ,W,9999,-9999, , , ,9999,-9999, , , ,9999
GHCND:USW00014819,CHICAGO MIDWAY AIRPORT IL US,186.5,41.78611,-87.75222,20160319,0.00, , ,W,9999,47, , ,W,9999,36, , ,W,9999,-9999, , , ,9999,-9999, , , ,9999
GHCND:USW00014819,CHICAGO MIDWAY AIRPORT IL US,186.5,41.78611,-87.75222,20160320,0.00, , ,W,9999,45, , ,W,9999,33, , ,W,9999,-9999, , , ,9999,-9999, , , ,9999
GHCND:USW00014819,CHICAGO MIDWAY AIRPORT IL US,186.5,41.78611,-87.75222,20160321,0.00, , ,W,9999,50, , ,W,9999,32, , ,W,9999,-9999, , , ,9999,-9999, , , ,9999
GHCND:USW00014819,CHICAGO MIDWAY AIRPORT IL US,186.5,41.78611,-87.75222,20160322,0.00, , ,W,9999,67, , ,W,9999,44, , ,W,9999,-9999, , , ,9999,-9999, , , ,9999
GHCND:USW00014819,CHICAGO MIDWAY AIRPORT IL US,186.5,41.78611,-87.75222,20160323,0.06, , ,W,9999,47, , ,W,9999,39, , ,W,9999,-9999, , , ,9999,-9999, , , ,9999
GHCND:USW00014819,CHICAGO MIDWAY AIRPORT IL US,186.5,41.78611,-87.75222,20160324,1.11, , ,W,9999,40, , ,W,9999,31, , ,W,9999,-9999, , , ,9999,-9999, , , ,9999
GHCND:USW00014819,CHICAGO MIDWAY AIRPORT IL US,186.5,41.78611,-87.75222,20160325,0.00, , ,W,9999,45, , ,W,9999,31, , ,W,9999,-9999, , , ,9999,-9999, , , ,9999
GHCND:USW00014819,CHICAGO MIDWAY AIRPORT IL US,186.5,41.78611,-87.75222,20160326,0.00, , ,W,9999,55, , ,W,9999,35, , ,W,9999,-9999, , , ,9999,-9999, , , ,9999
GHCND:USW00014819,CHICAGO MIDWAY AIRPORT IL US,186.5,41.78611,-87.75222,20160327,0.17, , ,W,9999,66, , ,W,9999,42, , ,W,9999,-9999, , , ,9999,-9999, , , ,9999
GHCND:USW00014819,CHICAGO MIDWAY AIRPORT IL US,186.5,41.78611,-87.75222,20160328,0.00, , ,W,9999,53, , ,W,9999,39, , ,W,9999,-9999, , , ,9999,-9999, , , ,9999
GHCND:USW00014819,CHICAGO MIDWAY AIRPORT IL US,186.5,41.78611,-87.75222,20160329,0.00, , ,W,9999,60, , ,W,9999,35, , ,W,9999,-9999, , , ,9999,-9999, , , ,9999
GHCND:USW00014819,CHICAGO MIDWAY AIRPORT IL US,186.5,41.78611,-87.75222,20160330,0.38, , ,W,9999,62, , ,W,9999,46, , ,W,9999,-9999, , , ,9999,-9999, , , ,9999
GHCND:USW00014819,CHICAGO MIDWAY AIRPORT IL US,186.5,41.78611,-87.75222,20160331,0.05, , ,W,9999,70, , ,W,9999,45, , ,W,9999,-9999, , , ,9999,-9999, , , ,9999
GHCND:USW00014819,CHICAGO MIDWAY AIRPORT IL US,186.5,41.78611,-87.75222,20160401,0.11, , ,W,9999,51, , ,W,9999,37, , ,W,9999,-9999, , , ,9999,-9999, , , ,9999
GHCND:USW00014819,CHICAGO MIDWAY AIRPORT IL US,186.5,41.78611,-87.75222,20160402,0.01, , ,W,9999,42, , ,W,9999,29, , ,W,9999,-9999, , , ,9999,-9999, , , ,9999
GHCND:USW00014819,CHICAGO MIDWAY AIRPORT IL US,186.5,41.78611,-87.75222,20160403,0.00,T, ,W,9999,72, , ,W,9999,29, , ,W,9999,-9999, , , ,9999,-9999, , , ,9999
GHCND:USW00014819,CHICAGO MIDWAY AIRPORT IL US,186.5,41.78611,-87.75222,20160404,0.00,T, ,W,9999,39, , ,W,9999,31, , ,W,9999,-9999, , , ,9999,-9999, , , ,9999
GHCND:USW00014819,CHICAGO MIDWAY AIRPORT IL US,186.5,41.78611,-87.75222,20160405,0.02, , ,W,9999,47, , ,W,9999,29, , ,W,9999,-9999, , , ,9999,-9999, , , ,9999
GHCND:USW00014819,CHICAGO MIDWAY AIRPORT IL US,186.5,41.78611,-87.75222,20160406,0.43, , ,W,9999,50, , ,W,9999,43, , ,W,9999,-9999, , , ,9999,-9999, , , ,9999
GHCND:USW00014819,CHICAGO MIDWAY AIRPORT IL US,186.5,41.78611,-87.75222,20160407,0.02, , ,W,9999,43, , ,W,9999,35, , ,W,9999,-9999, , , ,9999,-9999, , , ,9999
GHCND:USW00014819,CHICAGO MIDWAY AIRPORT IL US,186.5,41.78611,-87.75222,20160408,0.08, , ,W,9999,44, , ,W,9999,29, , ,W,9999,-9999, , , ,9999,-9999, , , ,9999
GHCND:USW00014819,CHICAGO MIDWAY AIRPORT IL US,186.5,41.78611,-87.75222,20160409,0.00,T, ,W,9999,37, , ,W,9999,24, , ,W,9999,-9999, , , ,9999,-9999, , , ,9999
GHCND:USW00014819,CHICAGO MIDWAY AIRPORT IL US,186.5,41.78611,-87.75222,20160410,0.13, , ,W,9999,51, , ,W,9999,34, , ,W,9999,-9999, , , ,9999,-9999, , , ,9999
GHCND:USW00014819,CHICAGO MIDWAY AIRPORT IL US,186.5,41.78611,-87.75222,20160411,0.00, , ,W,9999,52, , ,W,9999,40, , ,W,9999,-9999, , , ,9999,-9999, , , ,9999
GHCND:USW00014819,CHICAGO MIDWAY AIRPORT IL US,186.5,41.78611,-87.75222,20160412,0.00, , ,W,9999,46, , ,W,9999,33, , ,W,9999,-9999, , , ,9999,-9999, , , ,9999
GHCND:USW00014819,CHICAGO MIDWAY AIRPORT IL US,186.5,41.78611,-87.75222,20160413,0.00, , ,W,9999,57, , ,W,9999,37, , ,W,9999,-9999, , , ,9999,-9999, , , ,9999
GHCND:USW00014819,CHICAGO MIDWAY AIRPORT IL US,186.5,41.78611,-87.75222,20160414,0.00, , ,W,9999,61, , ,W,9999,40, , ,W,9999,-9999, , , ,9999,-9999, , , ,9999
GHCND:USW00014819,CHICAGO MIDWAY AIRPORT IL US,186.5,41.78611,-87.75222,20160415,0.00, , ,W,9999,69, , ,W,9999,45, , ,W,9999,-9999, , , ,9999,-9999, , , ,9999
GHCND:USW00014819,CHICAGO MIDWAY AIRPORT IL US,186.5,41.78611,-87.75222,20160416,0.00, , ,W,9999,77, , ,W,9999,48, , ,W,9999,-9999, , , ,9999,-9999, , , ,9999
GHCND:USW00014819,CHICAGO MIDWAY AIRPORT IL US,186.5,41.78611,-87.75222,20160417,0.00, , ,W,9999,80, , ,W,9999,51, , ,W,9999,-9999, , , ,9999,-9999, , , ,9999
GHCND:USW00014819,CHICAGO MIDWAY AIRPORT IL US,186.5,41.78611,-87.75222,20160418,0.00, , ,W,9999,83, , ,W,9999,53, , ,W,9999,-9999, , , ,9999,-9999, , , ,9999
GHCND:USW00014819,CHICAGO MIDWAY AIRPORT IL US,186.5,41.78611,-87.75222,20160419,0.00, , ,W,9999,61, , ,W,9999,48, , ,W,9999,-9999, , , ,9999,-9999, , , ,9999
GHCND:USW00014819,CHICAGO MIDWAY AIRPORT IL US,186.5,41.78611,-87.75222,20160420,0.33, , ,W,9999,73, , ,W,9999,54, , ,W,9999,-9999, , , ,9999,-9999, , , ,9999
GHCND:USW00014819,CHICAGO MIDWAY AIRPORT IL US,186.5,41.78611,-87.75222,20160421,0.02, , ,W,9999,71, , ,W,9999,56, , ,W,9999,-9999, , , ,9999,-9999, , , ,9999
GHCND:USW00014819,CHICAGO MIDWAY AIRPORT IL US,186.5,41.78611,-87.75222,20160422,0.00, , ,W,9999,58, , ,W,9999,44, , ,W,9999,-9999, , , ,9999,-9999, , , ,9999
GHCND:USW00014819,CHICAGO MIDWAY AIRPORT IL US,186.5,41.78611,-87.75222,20160423,0.00, , ,W,9999,60, , ,W,9999,42, , ,W,9999,-9999, , , ,9999,-9999, , , ,9999
GHCND:USW00014819,CHICAGO MIDWAY AIRPORT IL US,186.5,41.78611,-87.75222,20160424,0.00, , ,W,9999,80, , ,W,9999,46, , ,W,9999,-9999, , , ,9999,-9999, , , ,9999
GHCND:USW00014819,CHICAGO MIDWAY AIRPORT IL US,186.5,41.78611,-87.75222,20160425,0.01, , ,W,9999,84, , ,W,9999,62, , ,W,9999,-9999, , , ,9999,-9999, , , ,9999
GHCND:USW00014819,CHICAGO MIDWAY AIRPORT IL US,186.5,41.78611,-87.75222,20160426,0.00, , ,W,9999,72, , ,W,9999,44, , ,W,9999,-9999, , , ,9999,-9999, , , ,9999
GHCND:USW00014819,CHICAGO MIDWAY AIRPORT IL US,186.5,41.78611,-87.75222,20160427,0.63, , ,W,9999,50, , ,W,9999,43, , ,W,9999,-9999, , , ,9999,-9999, , , ,9999
GHCND:USW00014819,CHICAGO MIDWAY AIRPORT IL US,186.5,41.78611,-87.75222,20160428,0.05, , ,W,9999,51, , ,W,9999,45, , ,W,9999,-9999, , , ,9999,-9999, , , ,9999
GHCND:USW00014819,CHICAGO MIDWAY AIRPORT IL US,186.5,41.78611,-87.75222,20160429,0.00,T, ,W,9999,51, , ,W,9999,44, , ,W,9999,-9999, , , ,9999,-9999, , , ,9999
GHCND:USW00014819,CHICAGO MIDWAY AIRPORT IL US,186.5,41.78611,-87.75222,20160430,0.71, , ,W,9999,50, , ,W,9999,45, , ,W,9999,-9999, , , ,9999,-9999, , , ,9999
GHCND:USW00014819,CHICAGO MIDWAY AIRPORT IL US,186.5,41.78611,-87.75222,20160501,0.38, , ,W,9999,51, , ,W,9999,44, , ,W,9999,-9999, , , ,9999,-9999, , , ,9999
GHCND:USW00014819,CHICAGO MIDWAY AIRPORT IL US,186.5,41.78611,-87.75222,20160502,0.00,T, ,W,9999,58, , ,W,9999,44, , ,W,9999,-9999, , , ,9999,-9999, , , ,9999
GHCND:USW00014819,CHICAGO MIDWAY AIRPORT IL US,186.5,41.78611,-87.75222,20160503,0.00, , ,W,9999,68, , ,W,9999,42, , ,W,9999,-9999, , , ,9999,-9999, , , ,9999
GHCND:USW00014819,CHICAGO MIDWAY AIRPORT IL US,186.5,41.78611,-87.75222,20160504,0.40, , ,W,9999,59, , ,W,9999,44, , ,W,9999,-9999, , , ,9999,-9999, , , ,9999
GHCND:USW00014819,CHICAGO MIDWAY AIRPORT IL US,186.5,41.78611,-87.75222,20160505,0.00,T, ,W,9999,61, , ,W,9999,42, , ,W,9999,-9999, , , ,9999,-9999, , , ,9999
GHCND:USW00014819,CHICAGO MIDWAY AIRPORT IL US,186.5,41.78611,-87.75222,20160506,0.00, , ,W,9999,83, , ,W,9999,46, , ,W,9999,-9999, , , ,9999,-9999, , , ,9999
GHCND:USW00014819,CHICAGO MIDWAY AIRPORT IL US,186.5,41.78611,-87.75222,20160507,0.00,T, ,W,9999,71, , ,W,9999,49, , ,W,9999,-9999, , , ,9999,-9999, , , ,9999
GHCND:USW00014819,CHICAGO MIDWAY AIRPORT IL US,186.5,41.78611,-87.75222,20160508,0.00, , ,W,9999,69, , ,W,9999,45, , ,W,9999,-9999, , , ,9999,-9999, , , ,9999
GHCND:USW00014819,CHICAGO MIDWAY AIRPORT IL US,186.5,41.78611,-87.75222,20160509,0.36, , ,W,9999,60, , ,W,9999,51, , ,W,9999,-9999, , , ,9999,-9999, , , ,9999
GHCND:USW00014819,CHICAGO MIDWAY AIRPORT IL US,186.5,41.78611,-87.75222,20160510,0.57, , ,W,9999,71, , ,W,9999,54, , ,W,9999,-9999, , , ,9999,-9999, , , ,9999
GHCND:USW00014819,CHICAGO MIDWAY AIRPORT IL US,186.5,41.78611,-87.75222,20160511,0.02, , ,W,9999,69, , ,W,9999,55, , ,W,9999,-9999, , , ,9999,-9999, , , ,9999
GHCND:USW00014819,CHICAGO MIDWAY AIRPORT IL US,186.5,41.78611,-87.75222,20160512,1.03, , ,W,9999,71, , ,W,9999,55, , ,W,9999,-9999, , , ,9999,-9999, , , ,9999
GHCND:USW00014819,CHICAGO MIDWAY AIRPORT IL US,186.5,41.78611,-87.75222,20160513,0.66, , ,W,9999,67, , ,W,9999,45, , ,W,9999,-9999, , , ,9999,-9999, , , ,9999
GHCND:USW00014819,CHICAGO MIDWAY AIRPORT IL US,186.5,41.78611,-87.75222,20160514,0.00,T, ,W,9999,48, , ,W,9999,43, , ,W,9999,-9999, , , ,9999,-9999, , , ,9999
GHCND:USW00014819,CHICAGO MIDWAY AIRPORT IL US,186.5,41.78611,-87.75222,20160515,0.00, , ,W,9999,57, , ,W,9999,38, , ,W,9999,-9999, , , ,9999,-9999, , , ,9999
GHCND:USW00014819,CHICAGO MIDWAY AIRPORT IL US,186.5,41.78611,-87.75222,20160516,0.00, , ,W,9999,71, , ,W,9999,47, , ,W,9999,-9999, , , ,9999,-9999, , , ,9999
GHCND:USW00014819,CHICAGO MIDWAY AIRPORT IL US,186.5,41.78611,-87.75222,20160517,0.01, , ,W,9999,58, , ,W,9999,48, , ,W,9999,-9999, , , ,9999,-9999, , , ,9999
GHCND:USW00014819,CHICAGO MIDWAY AIRPORT IL US,186.5,41.78611,-87.75222,20160518,0.00, , ,W,9999,66, , ,W,9999,45, , ,W,9999,-9999, , , ,9999,-9999, , , ,9999
GHCND:USW00014819,CHICAGO MIDWAY AIRPORT IL US,186.5,41.78611,-87.75222,20160519,0.00, , ,W,9999,69, , ,W,9999,44, , ,W,9999,-9999, , , ,9999,-9999, , , ,9999
GHCND:USW00014819,CHICAGO MIDWAY AIRPORT IL US,186.5,41.78611,-87.75222,20160520,0.00, , ,W,9999,68, , ,W,9999,53, , ,W,9999,-9999, , , ,9999,-9999, , , ,9999
GHCND:USW00014819,CHICAGO MIDWAY AIRPORT IL US,186.5,41.78611,-87.75222,20160521,0.00, , ,W,9999,76, , ,W,9999,56, , ,W,9999,-9999, , , ,9999,-9999, , , ,9999
GHCND:USW00014819,CHICAGO MIDWAY AIRPORT IL US,186.5,41.78611,-87.75222,20160522,0.00, , ,W,9999,78, , ,W,9999,54, , ,W,9999,-9999, , , ,9999,-9999, , , ,9999
GHCND:USW00014819,CHICAGO MIDWAY AIRPORT IL US,186.5,41.78611,-87.75222,20160523,0.00,T, ,W,9999,84, , ,W,9999,54, , ,W,9999,-9999, , , ,9999,-9999, , , ,9999
GHCND:USW00014819,CHICAGO MIDWAY AIRPORT IL US,186.5,41.78611,-87.75222,20160524,0.00, , ,W,9999,89, , ,W,9999,64, , ,W,9999,-9999, , , ,9999,-9999, , , ,9999
GHCND:USW00014819,CHICAGO MIDWAY AIRPORT IL US,186.5,41.78611,-87.75222,20160525,1.02, , ,W,9999,90, , ,W,9999,65, , ,W,9999,-9999, , , ,9999,-9999, , , ,9999
GHCND:USW00014819,CHICAGO MIDWAY AIRPORT IL US,186.5,41.78611,-87.75222,20160526,0.00,T, ,W,9999,85, , ,W,9999,65, , ,W,9999,-9999, , , ,9999,-9999, , , ,9999
GHCND:USW00014819,CHICAGO MIDWAY AIRPORT IL US,186.5,41.78611,-87.75222,20160527,0.14, , ,W,9999,84, , ,W,9999,69, , ,W,9999,-9999, , , ,9999,-9999, , , ,9999
GHCND:USW00014819,CHICAGO MIDWAY AIRPORT IL US,186.5,41.78611,-87.75222,20160528,0.00,T, ,W,9999,83, , ,W,9999,70, , ,W,9999,-9999, , , ,9999,-9999, , , ,9999
GHCND:USW00014819,CHICAGO MIDWAY AIRPORT IL US,186.5,41.78611,-87.75222,20160529,0.00,T, ,W,9999,81, , ,W,9999,65, , ,W,9999,-9999, , , ,9999,-9999, , , ,9999
GHCND:USW00014819,CHICAGO MIDWAY AIRPORT IL US,186.5,41.78611,-87.75222,20160530,0.00, , ,W,9999,87, , ,W,9999,65, , ,W,9999,-9999, , , ,9999,-9999, , , ,9999
GHCND:USW00014819,CHICAGO MIDWAY AIRPORT IL US,186.5,41.78611,-87.75222,20160531,0.97, , ,W,9999,84, , ,W,9999,65, , ,W,9999,-9999, , , ,9999,-9999, , , ,9999
GHCND:USW00014819,CHICAGO MIDWAY AIRPORT IL US,186.5,41.78611,-87.75222,20160601,0.30, , ,W,9999,81, , ,W,9999,65, , ,W,9999,-9999, , , ,9999,-9999, , , ,9999
GHCND:USW00014819,CHICAGO MIDWAY AIRPORT IL US,186.5,41.78611,-87.75222,20160602,0.00, , ,W,9999,80, , ,W,9999,62, , ,W,9999,-9999, , , ,9999,-9999, , , ,9999
GHCND:USW00014819,CHICAGO MIDWAY AIRPORT IL US,186.5,41.78611,-87.75222,20160603,0.00, , ,W,9999,84, , ,W,9999,63, , ,W,9999,-9999, , , ,9999,-9999, , , ,9999
GHCND:USW00014819,CHICAGO MIDWAY AIRPORT IL US,186.5,41.78611,-87.75222,20160604,0.02, , ,W,9999,75, , ,W,9999,66, , ,W,9999,-9999, , , ,9999,-9999, , , ,9999
GHCND:USW00014819,CHICAGO MIDWAY AIRPORT IL US,186.5,41.78611,-87.75222,20160605,0.19, , ,W,9999,81, , ,W,9999,63, , ,W,9999,-9999, , , ,9999,-9999, , , ,9999
GHCND:USW00014819,CHICAGO MIDWAY AIRPORT IL US,186.5,41.78611,-87.75222,20160606,0.00, , ,W,9999,84, , ,W,9999,62, , ,W,9999,-9999, , , ,9999,-9999, , , ,9999
GHCND:USW00014819,CHICAGO MIDWAY AIRPORT IL US,186.5,41.78611,-87.75222,20160607,0.00, , ,W,9999,68, , ,W,9999,56, , ,W,9999,-9999, , , ,9999,-9999, , , ,9999
GHCND:USW00014819,CHICAGO MIDWAY AIRPORT IL US,186.5,41.78611,-87.75222,20160608,0.00, , ,W,9999,70, , ,W,9999,54, , ,W,9999,-9999, , , ,9999,-9999, , , ,9999
GHCND:USW00014819,CHICAGO MIDWAY AIRPORT IL US,186.5,41.78611,-87.75222,20160609,0.06, , ,W,9999,73, , ,W,9999,58, , ,W,9999,-9999, , , ,9999,-9999, , , ,9999
GHCND:USW00014819,CHICAGO MIDWAY AIRPORT IL US,186.5,41.78611,-87.75222,20160610,0.00,T, ,W,9999,94, , ,W,9999,65, , ,W,9999,-9999, , , ,9999,-9999, , , ,9999
GHCND:USW00014819,CHICAGO MIDWAY AIRPORT IL US,186.5,41.78611,-87.75222,20160611,0.00, , ,W,9999,93, , ,W,9999,75, , ,W,9999,-9999, , , ,9999,-9999, , , ,9999
GHCND:USW00014819,CHICAGO MIDWAY AIRPORT IL US,186.5,41.78611,-87.75222,20160612,0.00, , ,W,9999,81, , ,W,9999,61, , ,W,9999,-9999, , , ,9999,-9999, , , ,9999
GHCND:USW00014819,CHICAGO MIDWAY AIRPORT IL US,186.5,41.78611,-87.75222,20160613,0.00,T, ,W,9999,88, , ,W,9999,60, , ,W,9999,-9999, , , ,9999,-9999, , , ,9999
GHCND:USW00014819,CHICAGO MIDWAY AIRPORT IL US,186.5,41.78611,-87.75222,20160614,0.00,T, ,W,9999,88, , ,W,9999,69, , ,W,9999,-9999, , , ,9999,-9999, , , ,9999
GHCND:USW00014819,CHICAGO MIDWAY AIRPORT IL US,186.5,41.78611,-87.75222,20160615,0.10, , ,W,9999,92, , ,W,9999,69, , ,W,9999,-9999, , , ,9999,-9999, , , ,9999
GHCND:USW00014819,CHICAGO MIDWAY AIRPORT IL US,186.5,41.78611,-87.75222,20160616,0.00, , ,W,9999,81, , ,W,9999,65, , ,W,9999,-9999, , , ,9999,-9999, , , ,9999
GHCND:USW00014819,CHICAGO MIDWAY AIRPORT IL US,186.5,41.78611,-87.75222,20160617,0.00, , ,W,9999,86, , ,W,9999,63, , ,W,9999,-9999, , , ,9999,-9999, , , ,9999
GHCND:USW00014819,CHICAGO MIDWAY AIRPORT IL US,186.5,41.78611,-87.75222,20160618,0.00, , ,W,9999,88, , ,W,9999,64, , ,W,9999,-9999, , , ,9999,-9999, , , ,9999
GHCND:USW00014819,CHICAGO MIDWAY AIRPORT IL US,186.5,41.78611,-87.75222,20160619,0.00, , ,W,9999,91, , ,W,9999,70, , ,W,9999,-9999, , , ,9999,-9999, , , ,9999
GHCND:USW00014819,CHICAGO MIDWAY AIRPORT IL US,186.5,41.78611,-87.75222,20160620,0.00,T, ,W,9999,92, , ,W,9999,73, , ,W,9999,-9999, , , ,9999,-9999, , , ,9999
GHCND:USW00014819,CHICAGO MIDWAY AIRPORT IL US,186.5,41.78611,-87.75222,20160621,0.00, , ,W,9999,85, , ,W,9999,66, , ,W,9999,-9999, , , ,9999,-9999, , , ,9999
GHCND:USW00014819,CHICAGO MIDWAY AIRPORT IL US,186.5,41.78611,-87.75222,20160622,0.69, , ,W,9999,77, , ,W,9999,68, , ,W,9999,-9999, , , ,9999,-9999, , , ,9999
GHCND:USW00014819,CHICAGO MIDWAY AIRPORT IL US,186.5,41.78611,-87.75222,20160623,0.00, , ,W,9999,80, , ,W,9999,67, , ,W,9999,-9999, , , ,9999,-9999, , , ,9999
GHCND:USW00014819,CHICAGO MIDWAY AIRPORT IL US,186.5,41.78611,-87.75222,20160624,0.00, , ,W,9999,82, , ,W,9999,67, , ,W,9999,-9999, , , ,9999,-9999, , , ,9999
GHCND:USW00014819,CHICAGO MIDWAY AIRPORT IL US,186.5,41.78611,-87.75222,20160625,0.00, , ,W,9999,91, , ,W,9999,71, , ,W,9999,-9999, , , ,9999,-9999, , , ,9999
GHCND:USW00014819,CHICAGO MIDWAY AIRPORT IL US,186.5,41.78611,-87.75222,20160626,0.20, , ,W,9999,90, , ,W,9999,75, , ,W,9999,-9999, , , ,9999,-9999, , , ,9999
GHCND:USW00014819,CHICAGO MIDWAY AIRPORT IL US,186.5,41.78611,-87.75222,20160627,0.00, , ,W,9999,91, , ,W,9999,73, , ,W,9999,-9999, , , ,9999,-9999, , , ,9999
GHCND:USW00014819,CHICAGO MIDWAY AIRPORT IL US,186.5,41.78611,-87.75222,20160628,0.00, , ,W,9999,73, , ,W,9999,60, , ,W,9999,-9999, , , ,9999,-9999, , , ,9999
GHCND:USW00014819,CHICAGO MIDWAY AIRPORT IL US,186.5,41.78611,-87.75222,20160629,0.00, , ,W,9999,78, , ,W,9999,57, , ,W,9999,-9999, , , ,9999,-9999, , , ,9999
GHCND:USW00014819,CHICAGO MIDWAY AIRPORT IL US,186.5,41.78611,-87.75222,20160630,0.00, , ,W,9999,79, , ,W,9999,64, , ,W,9999,-9999, , , ,9999,-9999, , , ,9999
GHCND:USW00014819,CHICAGO MIDWAY AIRPORT IL US,186.5,41.78611,-87.75222,20160701,0.00, , ,W,9999,73, , ,W,9999,64, , ,W,9999,-9999, , , ,9999,-9999, , , ,9999
GHCND:USW00014819,CHICAGO MIDWAY AIRPORT IL US,186.5,41.78611,-87.75222,20160702,0.00, , ,W,9999,77, , ,W,9999,59, , ,W,9999,-9999, , , ,9999,-9999, , , ,9999
GHCND:USW00014819,CHICAGO MIDWAY AIRPORT IL US,186.5,41.78611,-87.75222,20160703,0.00, , ,W,9999,78, , ,W,9999,62, , ,W,9999,-9999, , , ,9999,-9999, , , ,9999
GHCND:USW00014819,CHICAGO MIDWAY AIRPORT IL US,186.5,41.78611,-87.75222,20160704,0.00, , ,W,9999,81, , ,W,9999,66, , ,W,9999,-9999, , , ,9999,-9999, , , ,9999
GHCND:USW00014819,CHICAGO MIDWAY AIRPORT IL US,186.5,41.78611,-87.75222,20160705,0.00, , ,W,9999,88, , ,W,9999,69, , ,W,9999,-9999, , , ,9999,-9999, , , ,9999
GHCND:USW00014819,CHICAGO MIDWAY AIRPORT IL US,186.5,41.78611,-87.75222,20160706,1.40, , ,W,9999,89, , ,W,9999,68, , ,W,9999,-9999, , , ,9999,-9999, , , ,9999
GHCND:USW00014819,CHICAGO MIDWAY AIRPORT IL US,186.5,41.78611,-87.75222,20160707,0.04, , ,W,9999,84, , ,W,9999,72, , ,W,9999,-9999, , , ,9999,-9999, , , ,9999
GHCND:USW00014819,CHICAGO MIDWAY AIRPORT IL US,186.5,41.78611,-87.75222,20160708,0.00, , ,W,9999,88, , ,W,9999,70, , ,W,9999,-9999, , , ,9999,-9999, , , ,9999
GHCND:USW00014819,CHICAGO MIDWAY AIRPORT IL US,186.5,41.78611,-87.75222,20160709,0.00, , ,W,9999,79, , ,W,9999,67, , ,W,9999,-9999, , , ,9999,-9999, , , ,9999
GHCND:USW00014819,CHICAGO MIDWAY AIRPORT IL US,186.5,41.78611,-87.75222,20160710,0.00, , ,W,9999,84, , ,W,9999,64, , ,W,9999,-9999, , , ,9999,-9999, , , ,9999
GHCND:USW00014819,CHICAGO MIDWAY AIRPORT IL US,186.5,41.78611,-87.75222,20160711,0.00, , ,W,9999,92, , ,W,9999,73, , ,W,9999,-9999, , , ,9999,-9999, , , ,9999
GHCND:USW00014819,CHICAGO MIDWAY AIRPORT IL US,186.5,41.78611,-87.75222,20160712,0.00, , ,W,9999,90, , ,W,9999,76, , ,W,9999,-9999, , , ,9999,-9999, , , ,9999
GHCND:USW00014819,CHICAGO MIDWAY AIRPORT IL US,186.5,41.78611,-87.75222,20160713,0.35, , ,W,9999,87, , ,W,9999,70, , ,W,9999,-9999, , , ,9999,-9999, , , ,9999
GHCND:USW00014819,CHICAGO MIDWAY AIRPORT IL US,186.5,41.78611,-87.75222,20160714,0.00, , ,W,9999,88, , ,W,9999,69, , ,W,9999,-9999, , , ,9999,-9999, , , ,9999
GHCND:USW00014819,CHICAGO MIDWAY AIRPORT IL US,186.5,41.78611,-87.75222,20160715,0.01, , ,W,9999,77, , ,W,9999,65, , ,W,9999,-9999, , , ,9999,-9999, , , ,9999
GHCND:USW00014819,CHICAGO MIDWAY AIRPORT IL US,186.5,41.78611,-87.75222,20160716,0.00, , ,W,9999,77, , ,W,9999,62, , ,W,9999,-9999, , , ,9999,-9999, , , ,9999
GHCND:USW00014819,CHICAGO MIDWAY AIRPORT IL US,186.5,41.78611,-87.75222,20160717,0.77, , ,W,9999,86, , ,W,9999,67, , ,W,9999,-9999, , , ,9999,-9999, , , ,9999
GHCND:USW00014819,CHICAGO MIDWAY AIRPORT IL US,186.5,41.78611,-87.75222,20160718,0.01, , ,W,9999,87, , ,W,9999,70, , ,W,9999,-9999, , , ,9999,-9999, , , ,9999
GHCND:USW00014819,CHICAGO MIDWAY AIRPORT IL US,186.5,41.78611,-87.75222,20160719,0.00, , ,W,9999,88, , ,W,9999,70, , ,W,9999,-9999, , , ,9999,-9999, , , ,9999
GHCND:USW00014819,CHICAGO MIDWAY AIRPORT IL US,186.5,41.78611,-87.75222,20160720,0.00, , ,W,9999,89, , ,W,9999,74, , ,W,9999,-9999, , , ,9999,-9999, , , ,9999
GHCND:USW00014819,CHICAGO MIDWAY AIRPORT IL US,186.5,41.78611,-87.75222,20160721,0.73, , ,W,9999,90, , ,W,9999,75, , ,W,9999,-9999, , , ,9999,-9999, , , ,9999
GHCND:USW00014819,CHICAGO MIDWAY AIRPORT IL US,186.5,41.78611,-87.75222,20160722,0.01, , ,W,9999,91, , ,W,9999,74, , ,W,9999,-9999, , , ,9999,-9999, , , ,9999
GHCND:USW00014819,CHICAGO MIDWAY AIRPORT IL US,186.5,41.78611,-87.75222,20160723,1.30, , ,W,9999,92, , ,W,9999,72, , ,W,9999,-9999, , , ,9999,-9999, , , ,9999
GHCND:USW00014819,CHICAGO MIDWAY AIRPORT IL US,186.5,41.78611,-87.75222,20160724,0.20, , ,W,9999,94, , ,W,9999,73, , ,W,9999,-9999, , , ,9999,-9999, , , ,9999
GHCND:USW00014819,CHICAGO MIDWAY AIRPORT IL US,186.5,41.78611,-87.75222,20160725,0.00, , ,W,9999,87, , ,W,9999,74, , ,W,9999,-9999, , , ,9999,-9999, , , ,9999
GHCND:USW00014819,CHICAGO MIDWAY AIRPORT IL US,186.5,41.78611,-87.75222,20160726,0.00, , ,W,9999,87, , ,W,9999,73, , ,W,9999,-9999, , , ,9999,-9999, , , ,9999
GHCND:USW00014819,CHICAGO MIDWAY AIRPORT IL US,186.5,41.78611,-87.75222,20160727,0.00, , ,W,9999,90, , ,W,9999,71, , ,W,9999,-9999, , , ,9999,-9999, , , ,9999
GHCND:USW00014819,CHICAGO MIDWAY AIRPORT IL US,186.5,41.78611,-87.75222,20160728,0.15, , ,W,9999,84, , ,W,9999,72, , ,W,9999,-9999, , , ,9999,-9999, , , ,9999
GHCND:USW00014819,CHICAGO MIDWAY AIRPORT IL US,186.5,41.78611,-87.75222,20160729,0.33, , ,W,9999,82, , ,W,9999,70, , ,W,9999,-9999, , , ,9999,-9999, , , ,9999
GHCND:USW00014819,CHICAGO MIDWAY AIRPORT IL US,186.5,41.78611,-87.75222,20160730,0.00,T, ,W,9999,79, , ,W,9999,71, , ,W,9999,-9999, , , ,9999,-9999, , , ,9999
GHCND:USW00014819,CHICAGO MIDWAY AIRPORT IL US,186.5,41.78611,-87.75222,20160731,0.00, , ,W,9999,82, , ,W,9999,67, , ,W,9999,-9999, , , ,9999,-9999, , , ,9999
GHCND:USW00014819,CHICAGO MIDWAY AIRPORT IL US,186.5,41.78611,-87.75222,20160801,0.00, , ,W,9999,83, , ,W,9999,70, , ,W,9999,-9999, , , ,9999,-9999, , , ,9999
GHCND:USW00014819,CHICAGO MIDWAY AIRPORT IL US,186.5,41.78611,-87.75222,20160802,0.00, , ,W,9999,88, , ,W,9999,73, , ,W,9999,-9999, , , ,9999,-9999, , , ,9999
GHCND:USW00014819,CHICAGO MIDWAY AIRPORT IL US,186.5,41.78611,-87.75222,20160803,0.00, , ,W,9999,90, , ,W,9999,74, , ,W,9999,-9999, , , ,9999,-9999, , , ,9999
GHCND:USW00014819,CHICAGO MIDWAY AIRPORT IL US,186.5,41.78611,-87.75222,20160804,0.00, , ,W,9999,92, , ,W,9999,75, , ,W,9999,-9999, , , ,9999,-9999, , , ,9999
GHCND:USW00014819,CHICAGO MIDWAY AIRPORT IL US,186.5,41.78611,-87.75222,20160805,0.00,T, ,W,9999,88, , ,W,9999,74, , ,W,9999,-9999, , , ,9999,-9999, , , ,9999
GHCND:USW00014819,CHICAGO MIDWAY AIRPORT IL US,186.5,41.78611,-87.75222,20160806,0.00, , ,W,9999,83, , ,W,9999,67, , ,W,9999,-9999, , , ,9999,-9999, , , ,9999
GHCND:USW00014819,CHICAGO MIDWAY AIRPORT IL US,186.5,41.78611,-87.75222,20160807,0.00, , ,W,9999,84, , ,W,9999,66, , ,W,9999,-9999, , , ,9999,-9999, , , ,9999
GHCND:USW00014819,CHICAGO MIDWAY AIRPORT IL US,186.5,41.78611,-87.75222,20160808,0.00, , ,W,9999,85, , ,W,9999,74, , ,W,9999,-9999, , , ,9999,-9999, , , ,9999
GHCND:USW00014819,CHICAGO MIDWAY AIRPORT IL US,186.5,41.78611,-87.75222,20160809,0.00, , ,W,9999,90, , ,W,9999,71, , ,W,9999,-9999, , , ,9999,-9999, , , ,9999
GHCND:USW00014819,CHICAGO MIDWAY AIRPORT IL US,186.5,41.78611,-87.75222,20160810,0.00, , ,W,9999,91, , ,W,9999,74, , ,W,9999,-9999, , , ,9999,-9999, , , ,9999
GHCND:USW00014819,CHICAGO MIDWAY AIRPORT IL US,186.5,41.78611,-87.75222,20160811,0.00, , ,W,9999,94, , ,W,9999,77, , ,W,9999,-9999, , , ,9999,-9999, , , ,9999
GHCND:USW00014819,CHICAGO MIDWAY AIRPORT IL US,186.5,41.78611,-87.75222,20160812,2.21, , ,W,9999,84, , ,W,9999,75, , ,W,9999,-9999, , , ,9999,-9999, , , ,9999
GHCND:USW00014819,CHICAGO MIDWAY AIRPORT IL US,186.5,41.78611,-87.75222,20160813,0.04, , ,W,9999,85, , ,W,9999,75, , ,W,9999,-9999, , , ,9999,-9999, , , ,9999
GHCND:USW00014819,CHICAGO MIDWAY AIRPORT IL US,186.5,41.78611,-87.75222,20160814,0.00, , ,W,9999,85, , ,W,9999,69, , ,W,9999,-9999, , , ,9999,-9999, , , ,9999
GHCND:USW00014819,CHICAGO MIDWAY AIRPORT IL US,186.5,41.78611,-87.75222,20160815,0.25, , ,W,9999,78, , ,W,9999,72, , ,W,9999,-9999, , , ,9999,-9999, , , ,9999
GHCND:USW00014819,CHICAGO MIDWAY AIRPORT IL US,186.5,41.78611,-87.75222,20160816,0.04, , ,W,9999,85, , ,W,9999,72, , ,W,9999,-9999, , , ,9999,-9999, , , ,9999
GHCND:USW00014819,CHICAGO MIDWAY AIRPORT IL US,186.5,41.78611,-87.75222,20160817,0.00,T, ,W,9999,88, , ,W,9999,71, , ,W,9999,-9999, , , ,9999,-9999, , , ,9999
GHCND:USW00014819,CHICAGO MIDWAY AIRPORT IL US,186.5,41.78611,-87.75222,20160818,1.42, , ,W,9999,86, , ,W,9999,72, , ,W,9999,-9999, , , ,9999,-9999, , , ,9999
GHCND:USW00014819,CHICAGO MIDWAY AIRPORT IL US,186.5,41.78611,-87.75222,20160819,0.00,T, ,W,9999,85, , ,W,9999,71, , ,W,9999,-9999, , , ,9999,-9999, , , ,9999
GHCND:USW00014819,CHICAGO MIDWAY AIRPORT IL US,186.5,41.78611,-87.75222,20160820,1.01, , ,W,9999,82, , ,W,9999,66, , ,W,9999,-9999, , , ,9999,-9999, , , ,9999
GHCND:USW00014819,CHICAGO MIDWAY AIRPORT IL US,186.5,41.78611,-87.75222,20160821,0.00, , ,W,9999,77, , ,W,9999,61, , ,W,9999,-9999, , , ,9999,-9999, , , ,9999
GHCND:USW00014819,CHICAGO MIDWAY AIRPORT IL US,186.5,41.78611,-87.75222,20160822,0.00, , ,W,9999,79, , ,W,9999,59, , ,W,9999,-9999, , , ,9999,-9999, , , ,9999
GHCND:USW00014819,CHICAGO MIDWAY AIRPORT IL US,186.5,41.78611,-87.75222,20160823,0.00, , ,W,9999,82, , ,W,9999,65, , ,W,9999,-9999, , , ,9999,-9999, , , ,9999
GHCND:USW00014819,CHICAGO MIDWAY AIRPORT IL US,186.5,41.78611,-87.75222,20160824,0.30, , ,W,9999,85, , ,W,9999,72, , ,W,9999,-9999, , , ,9999,-9999, , , ,9999
GHCND:USW00014819,CHICAGO MIDWAY AIRPORT IL US,186.5,41.78611,-87.75222,20160825,0.06, , ,W,9999,85, , ,W,9999,71, , ,W,9999,-9999, , , ,9999,-9999, , , ,9999
GHCND:USW00014819,CHICAGO MIDWAY AIRPORT IL US,186.5,41.78611,-87.75222,20160826,0.03, , ,W,9999,81, , ,W,9999,68, , ,W,9999,-9999, , , ,9999,-9999, , , ,9999
GHCND:USW00014819,CHICAGO MIDWAY AIRPORT IL US,186.5,41.78611,-87.75222,20160827,0.89, , ,W,9999,86, , ,W,9999,70, , ,W,9999,-9999, , , ,9999,-9999, , , ,9999
GHCND:USW00014819,CHICAGO MIDWAY AIRPORT IL US,186.5,41.78611,-87.75222,20160828,0.00, , ,W,9999,83, , ,W,9999,74, , ,W,9999,-9999, , , ,9999,-9999, , , ,9999
GHCND:USW00014819,CHICAGO MIDWAY AIRPORT IL US,186.5,41.78611,-87.75222,20160829,0.00,T, ,W,9999,90, , ,W,9999,73, , ,W,9999,-9999, , , ,9999,-9999, , , ,9999
GHCND:USW00014819,CHICAGO MIDWAY AIRPORT IL US,186.5,41.78611,-87.75222,20160830,0.17, , ,W,9999,85, , ,W,9999,74, , ,W,9999,-9999, , , ,9999,-9999, , , ,9999
GHCND:USW00014819,CHICAGO MIDWAY AIRPORT IL US,186.5,41.78611,-87.75222,20160831,0.00, , ,W,9999,78, , ,W,9999,70, , ,W,9999,-9999, , , ,9999,-9999, , , ,9999
GHCND:USW00014819,CHICAGO MIDWAY AIRPORT IL US,186.5,41.78611,-87.75222,20160901,0.00,T, ,W,9999,74, , ,W,9999,65, , ,W,9999,-9999, , , ,9999,-9999, , , ,9999
GHCND:USW00014819,CHICAGO MIDWAY AIRPORT IL US,186.5,41.78611,-87.75222,20160902,0.00, , ,W,9999,75, , ,W,9999,64, , ,W,9999,-9999, , , ,9999,-9999, , , ,9999
GHCND:USW00014819,CHICAGO MIDWAY AIRPORT IL US,186.5,41.78611,-87.75222,20160903,0.00, , ,W,9999,77, , ,W,9999,61, , ,W,9999,-9999, , , ,9999,-9999, , , ,9999
GHCND:USW00014819,CHICAGO MIDWAY AIRPORT IL US,186.5,41.78611,-87.75222,20160904,0.00, , ,W,9999,81, , ,W,9999,63, , ,W,9999,-9999, , , ,9999,-9999, , , ,9999
GHCND:USW00014819,CHICAGO MIDWAY AIRPORT IL US,186.5,41.78611,-87.75222,20160905,0.00, , ,W,9999,90, , ,W,9999,67, , ,W,9999,-9999, , , ,9999,-9999, , , ,9999
GHCND:USW00014819,CHICAGO MIDWAY AIRPORT IL US,186.5,41.78611,-87.75222,20160906,0.00,T, ,W,9999,93, , ,W,9999,76, , ,W,9999,-9999, , , ,9999,-9999, , , ,9999
GHCND:USW00014819,CHICAGO MIDWAY AIRPORT IL US,186.5,41.78611,-87.75222,20160907,0.01, , ,W,9999,94, , ,W,9999,76, , ,W,9999,-9999, , , ,9999,-9999, , , ,9999
GHCND:USW00014819,CHICAGO MIDWAY AIRPORT IL US,186.5,41.78611,-87.75222,20160908,0.21, , ,W,9999,82, , ,W,9999,72, , ,W,9999,-9999, , , ,9999,-9999, , , ,9999
GHCND:USW00014819,CHICAGO MIDWAY AIRPORT IL US,186.5,41.78611,-87.75222,20160909,0.02, , ,W,9999,81, , ,W,9999,69, , ,W,9999,-9999, , , ,9999,-9999, , , ,9999
GHCND:USW00014819,CHICAGO MIDWAY AIRPORT IL US,186.5,41.78611,-87.75222,20160910,0.03, , ,W,9999,75, , ,W,9999,62, , ,W,9999,-9999, , , ,9999,-9999, , , ,9999
GHCND:USW00014819,CHICAGO MIDWAY AIRPORT IL US,186.5,41.78611,-87.75222,20160911,0.00, , ,W,9999,76, , ,W,9999,56, , ,W,9999,-9999, , , ,9999,-9999, , , ,9999
GHCND:USW00014819,CHICAGO MIDWAY AIRPORT IL US,186.5,41.78611,-87.75222,20160912,0.00, , ,W,9999,81, , ,W,9999,61, , ,W,9999,-9999, , , ,9999,-9999, , , ,9999
GHCND:USW00014819,CHICAGO MIDWAY AIRPORT IL US,186.5,41.78611,-87.75222,20160913,0.00,T, ,W,9999,87, , ,W,9999,65, , ,W,9999,-9999, , , ,9999,-9999, , , ,9999
GHCND:USW00014819,CHICAGO MIDWAY AIRPORT IL US,186.5,41.78611,-87.75222,20160914,0.01, , ,W,9999,75, , ,W,9999,67, , ,W,9999,-9999, , , ,9999,-9999, , , ,9999
GHCND:USW00014819,CHICAGO MIDWAY AIRPORT IL US,186.5,41.78611,-87.75222,20160915,0.00, , ,W,9999,78, , ,W,9999,64, , ,W,9999,-9999, , , ,9999,-9999, , , ,9999
GHCND:USW00014819,CHICAGO MIDWAY AIRPORT IL US,186.5,41.78611,-87.75222,20160916,0.03, , ,W,9999,84, , ,W,9999,66, , ,W,9999,-9999, , , ,9999,-9999, , , ,9999
GHCND:USW00014819,CHICAGO MIDWAY AIRPORT IL US,186.5,41.78611,-87.75222,20160917,0.03, , ,W,9999,83, , ,W,9999,67, , ,W,9999,-9999, , , ,9999,-9999, , , ,9999
GHCND:USW00014819,CHICAGO MIDWAY AIRPORT IL US,186.5,41.78611,-87.75222,20160918,0.00, , ,W,9999,82, , ,W,9999,63, , ,W,9999,-9999, , , ,9999,-9999, , , ,9999
GHCND:USW00014819,CHICAGO MIDWAY AIRPORT IL US,186.5,41.78611,-87.75222,20160919,0.00, , ,W,9999,89, , ,W,9999,63, , ,W,9999,-9999, , , ,9999,-9999, , , ,9999
GHCND:USW00014819,CHICAGO MIDWAY AIRPORT IL US,186.5,41.78611,-87.75222,20160920,0.00, , ,W,9999,84, , ,W,9999,71, , ,W,9999,-9999, , , ,9999,-9999, , , ,9999
GHCND:USW00014819,CHICAGO MIDWAY AIRPORT IL US,186.5,41.78611,-87.75222,20160921,0.24, , ,W,9999,77, , ,W,9999,68, , ,W,9999,-9999, , , ,9999,-9999, , , ,9999
GHCND:USW00014819,CHICAGO MIDWAY AIRPORT IL US,186.5,41.78611,-87.75222,20160922,0.00,T, ,W,9999,85, , ,W,9999,68, , ,W,9999,-9999, , , ,9999,-9999, , , ,9999
GHCND:USW00014819,CHICAGO MIDWAY AIRPORT IL US,186.5,41.78611,-87.75222,20160923,0.00, , ,W,9999,75, , ,W,9999,70, , ,W,9999,-9999, , , ,9999,-9999, , , ,9999
GHCND:USW00014819,CHICAGO MIDWAY AIRPORT IL US,186.5,41.78611,-87.75222,20160924,0.00, , ,W,9999,76, , ,W,9999,67, , ,W,9999,-9999, , , ,9999,-9999, , , ,9999
GHCND:USW00014819,CHICAGO MIDWAY AIRPORT IL US,186.5,41.78611,-87.75222,20160925,0.01, , ,W,9999,86, , ,W,9999,65, , ,W,9999,-9999, , , ,9999,-9999, , , ,9999
GHCND:USW00014819,CHICAGO MIDWAY AIRPORT IL US,186.5,41.78611,-87.75222,20160926,0.02, , ,W,9999,72, , ,W,9999,57, , ,W,9999,-9999, , , ,9999,-9999, , , ,9999
GHCND:USW00014819,CHICAGO MIDWAY AIRPORT IL US,186.5,41.78611,-87.75222,20160927,0.00, , ,W,9999,72, , ,W,9999,53, , ,W,9999,-9999, , , ,9999,-9999, , , ,9999
GHCND:USW00014819,CHICAGO MIDWAY AIRPORT IL US,186.5,41.78611,-87.75222,20160928,0.52, , ,W,9999,63, , ,W,9999,52, , ,W,9999,-9999, , , ,9999,-9999, , , ,9999
GHCND:USW00014819,CHICAGO MIDWAY AIRPORT IL US,186.5,41.78611,-87.75222,20160929,0.72, , ,W,9999,68, , ,W,9999,60, , ,W,9999,-9999, , , ,9999,-9999, , , ,9999
GHCND:USW00014819,CHICAGO MIDWAY AIRPORT IL US,186.5,41.78611,-87.75222,20160930,0.22, , ,W,9999,66, , ,W,9999,61, , ,W,9999,-9999, , , ,9999,-9999, , , ,9999
GHCND:USW00014819,CHICAGO MIDWAY AIRPORT IL US,186.5,41.78611,-87.75222,20161001,1.29, , ,W,9999,65, , ,W,9999,59, , ,W,9999,-9999, , , ,9999,-9999, , , ,9999
GHCND:USW00014819,CHICAGO MIDWAY AIRPORT IL US,186.5,41.78611,-87.75222,20161002,0.00,T, ,W,9999,67, , ,W,9999,58, , ,W,9999,-9999, , , ,9999,-9999, , , ,9999
GHCND:USW00014819,CHICAGO MIDWAY AIRPORT IL US,186.5,41.78611,-87.75222,20161003,0.00, , ,W,9999,67, , ,W,9999,61, , ,W,9999,-9999, , , ,9999,-9999, , , ,9999
GHCND:USW00014819,CHICAGO MIDWAY AIRPORT IL US,186.5,41.78611,-87.75222,20161004,0.00, , ,W,9999,75, , ,W,9999,62, , ,W,9999,-9999, , , ,9999,-9999, , , ,9999
GHCND:USW00014819,CHICAGO MIDWAY AIRPORT IL US,186.5,41.78611,-87.75222,20161005,0.00, , ,W,9999,82, , ,W,9999,64, , ,W,9999,-9999, , , ,9999,-9999, , , ,9999
GHCND:USW00014819,CHICAGO MIDWAY AIRPORT IL US,186.5,41.78611,-87.75222,20161006,0.76, , ,W,9999,76, , ,W,9999,61, , ,W,9999,-9999, , , ,9999,-9999, , , ,9999
GHCND:USW00014819,CHICAGO MIDWAY AIRPORT IL US,186.5,41.78611,-87.75222,20161007,0.00, , ,W,9999,72, , ,W,9999,49, , ,W,9999,-9999, , , ,9999,-9999, , , ,9999
GHCND:USW00014819,CHICAGO MIDWAY AIRPORT IL US,186.5,41.78611,-87.75222,20161008,0.00, , ,W,9999,66, , ,W,9999,44, , ,W,9999,-9999, , , ,9999,-9999, , , ,9999
GHCND:USW00014819,CHICAGO MIDWAY AIRPORT IL US,186.5,41.78611,-87.75222,20161009,0.00, , ,W,9999,63, , ,W,9999,50, , ,W,9999,-9999, , , ,9999,-9999, , , ,9999
GHCND:USW00014819,CHICAGO MIDWAY AIRPORT IL US,186.5,41.78611,-87.75222,20161010,0.00, , ,W,9999,73, , ,W,9999,50, , ,W,9999,-9999, , , ,9999,-9999, , , ,9999
GHCND:USW00014819,CHICAGO MIDWAY AIRPORT IL US,186.5,41.78611,-87.75222,20161011,0.00,T, ,W,9999,76, , ,W,9999,60, , ,W,9999,-9999, , , ,9999,-9999, , , ,9999
GHCND:USW00014819,CHICAGO MIDWAY AIRPORT IL US,186.5,41.78611,-87.75222,20161012,0.50, , ,W,9999,68, , ,W,9999,47, , ,W,9999,-9999, , , ,9999,-9999, , , ,9999
GHCND:USW00014819,CHICAGO MIDWAY AIRPORT IL US,186.5,41.78611,-87.75222,20161013,0.00, , ,W,9999,58, , ,W,9999,41, , ,W,9999,-9999, , , ,9999,-9999, , , ,9999
GHCND:USW00014819,CHICAGO MIDWAY AIRPORT IL US,186.5,41.78611,-87.75222,20161014,0.00, , ,W,9999,68, , ,W,9999,43, , ,W,9999,-9999, , , ,9999,-9999, , , ,9999
GHCND:USW00014819,CHICAGO MIDWAY AIRPORT IL US,186.5,41.78611,-87.75222,20161015,0.00, , ,W,9999,71, , ,W,9999,54, , ,W,9999,-9999, , , ,9999,-9999, , , ,9999
GHCND:USW00014819,CHICAGO MIDWAY AIRPORT IL US,186.5,41.78611,-87.75222,20161016,0.54, , ,W,9999,72, , ,W,9999,65, , ,W,9999,-9999, , , ,9999,-9999, , , ,9999
GHCND:USW00014819,CHICAGO MIDWAY AIRPORT IL US,186.5,41.78611,-87.75222,20161017,0.00, , ,W,9999,85, , ,W,9999,69, , ,W,9999,-9999, , , ,9999,-9999, , , ,9999
GHCND:USW00014819,CHICAGO MIDWAY AIRPORT IL US,186.5,41.78611,-87.75222,20161018,0.00, , ,W,9999,78, , ,W,9999,58, , ,W,9999,-9999, , , ,9999,-9999, , , ,9999
GHCND:USW00014819,CHICAGO MIDWAY AIRPORT IL US,186.5,41.78611,-87.75222,20161019,0.00,T, ,W,9999,72, , ,W,9999,53, , ,W,9999,-9999, , , ,9999,-9999, , , ,9999
GHCND:USW00014819,CHICAGO MIDWAY AIRPORT IL US,186.5,41.78611,-87.75222,20161020,0.00, , ,W,9999,60, , ,W,9999,47, , ,W,9999,-9999, , , ,9999,-9999, , , ,9999
GHCND:USW00014819,CHICAGO MIDWAY AIRPORT IL US,186.5,41.78611,-87.75222,20161021,0.00, , ,W,9999,55, , ,W,9999,40, , ,W,9999,-9999, , , ,9999,-9999, , , ,9999
GHCND:USW00014819,CHICAGO MIDWAY AIRPORT IL US,186.5,41.78611,-87.75222,20161022,0.00, , ,W,9999,61, , ,W,9999,38, , ,W,9999,-9999, , , ,9999,-9999, , , ,9999
GHCND:USW00014819,CHICAGO MIDWAY AIRPORT IL US,186.5,41.78611,-87.75222,20161023,0.00, , ,W,9999,73, , ,W,9999,47, , ,W,9999,-9999, , , ,9999,-9999, , , ,9999
GHCND:USW00014819,CHICAGO MIDWAY AIRPORT IL US,186.5,41.78611,-87.75222,20161024,0.00, , ,W,9999,57, , ,W,9999,43, , ,W,9999,-9999, , , ,9999,-9999, , , ,9999
GHCND:USW00014819,CHICAGO MIDWAY AIRPORT IL US,186.5,41.78611,-87.75222,20161025,0.02, , ,W,9999,53, , ,W,9999,42, , ,W,9999,-9999, , , ,9999,-9999, , , ,9999
GHCND:USW00014819,CHICAGO MIDWAY AIRPORT IL US,186.5,41.78611,-87.75222,20161026,0.84, , ,W,9999,51, , ,W,9999,46, , ,W,9999,-9999, , , ,9999,-9999, , , ,9999
GHCND:USW00014819,CHICAGO MIDWAY AIRPORT IL US,186.5,41.78611,-87.75222,20161027,0.00, , ,W,9999,52, , ,W,9999,44, , ,W,9999,-9999, , , ,9999,-9999, , , ,9999
GHCND:USW00014819,CHICAGO MIDWAY AIRPORT IL US,186.5,41.78611,-87.75222,20161028,0.00, , ,W,9999,66, , ,W,9999,43, , ,W,9999,-9999, , , ,9999,-9999, , , ,9999
GHCND:USW00014819,CHICAGO MIDWAY AIRPORT IL US,186.5,41.78611,-87.75222,20161029,0.00, , ,W,9999,73, , ,W,9999,58, , ,W,9999,-9999, , , ,9999,-9999, , , ,9999
GHCND:USW00014819,CHICAGO MIDWAY AIRPORT IL US,186.5,41.78611,-87.75222,20161030,0.30, , ,W,9999,58, , ,W,9999,44, , ,W,9999,-9999, , , ,9999,-9999, , , ,9999
GHCND:USW00014819,CHICAGO MIDWAY AIRPORT IL US,186.5,41.78611,-87.75222,20161031,0.00, , ,W,9999,62, , ,W,9999,44, , ,W,9999,-9999, , , ,9999,-9999, , , ,9999
GHCND:USW00014819,CHICAGO MIDWAY AIRPORT IL US,186.5,41.78611,-87.75222,20161101,0.00, , ,W,9999,77, , ,W,9999,62, , ,W,9999,-9999, , , ,9999,-9999, , , ,9999
GHCND:USW00014819,CHICAGO MIDWAY AIRPORT IL US,186.5,41.78611,-87.75222,20161102,0.30, , ,W,9999,66, , ,W,9999,57, , ,W,9999,-9999, , , ,9999,-9999, , , ,9999
GHCND:USW00014819,CHICAGO MIDWAY AIRPORT IL US,186.5,41.78611,-87.75222,20161103,0.00, , ,W,9999,66, , ,W,9999,52, , ,W,9999,-9999, , , ,9999,-9999, , , ,9999
GHCND:USW00014819,CHICAGO MIDWAY AIRPORT IL US,186.5,41.78611,-87.75222,20161104,0.00, , ,W,9999,63, , ,W,9999,46, , ,W,9999,-9999, , , ,9999,-9999, , , ,9999
GHCND:USW00014819,CHICAGO MIDWAY AIRPORT IL US,186.5,41.78611,-87.75222,20161105,0.00, , ,W,9999,69, , ,W,9999,47, , ,W,9999,-9999, , , ,9999,-9999, , , ,9999
GHCND:USW00014819,CHICAGO MIDWAY AIRPORT IL US,186.5,41.78611,-87.75222,20161106,0.00, , ,W,9999,70, , ,W,9999,48, , ,W,9999,-9999, , , ,9999,-9999, , , ,9999
GHCND:USW00014819,CHICAGO MIDWAY AIRPORT IL US,186.5,41.78611,-87.75222,20161107,0.00, , ,W,9999,67, , ,W,9999,48, , ,W,9999,-9999, , , ,9999,-9999, , , ,9999
GHCND:USW00014819,CHICAGO MIDWAY AIRPORT IL US,186.5,41.78611,-87.75222,20161108,0.02, , ,W,9999,64, , ,W,9999,52, , ,W,9999,-9999, , , ,9999,-9999, , , ,9999
GHCND:USW00014819,CHICAGO MIDWAY AIRPORT IL US,186.5,41.78611,-87.75222,20161109,0.00, , ,W,9999,58, , ,W,9999,43, , ,W,9999,-9999, , , ,9999,-9999, , , ,9999
GHCND:USW00014819,CHICAGO MIDWAY AIRPORT IL US,186.5,41.78611,-87.75222,20161110,0.00, , ,W,9999,64, , ,W,9999,43, , ,W,9999,-9999, , , ,9999,-9999, , , ,9999
GHCND:USW00014819,CHICAGO MIDWAY AIRPORT IL US,186.5,41.78611,-87.75222,20161111,0.00,T, ,W,9999,53, , ,W,9999,45, , ,W,9999,-9999, , , ,9999,-9999, , , ,9999
GHCND:USW00014819,CHICAGO MIDWAY AIRPORT IL US,186.5,41.78611,-87.75222,20161112,0.00, , ,W,9999,52, , ,W,9999,36, , ,W,9999,-9999, , , ,9999,-9999, , , ,9999
GHCND:USW00014819,CHICAGO MIDWAY AIRPORT IL US,186.5,41.78611,-87.75222,20161113,0.00, , ,W,9999,57, , ,W,9999,37, , ,W,9999,-9999, , , ,9999,-9999, , , ,9999
GHCND:USW00014819,CHICAGO MIDWAY AIRPORT IL US,186.5,41.78611,-87.75222,20161114,0.00, , ,W,9999,61, , ,W,9999,41, , ,W,9999,-9999, , , ,9999,-9999, , , ,9999
GHCND:USW00014819,CHICAGO MIDWAY AIRPORT IL US,186.5,41.78611,-87.75222,20161115,0.00, , ,W,9999,55, , ,W,9999,39, , ,W,9999,-9999, , , ,9999,-9999, , , ,9999
GHCND:USW00014819,CHICAGO MIDWAY AIRPORT IL US,186.5,41.78611,-87.75222,20161116,0.00, , ,W,9999,61, , ,W,9999,41, , ,W,9999,-9999, , , ,9999,-9999, , , ,9999
GHCND:USW00014819,CHICAGO MIDWAY AIRPORT IL US,186.5,41.78611,-87.75222,20161117,0.00, , ,W,9999,74, , ,W,9999,49, , ,W,9999,-9999, , , ,9999,-9999, , , ,9999
GHCND:USW00014819,CHICAGO MIDWAY AIRPORT IL US,186.5,41.78611,-87.75222,20161118,0.12, , ,W,9999,66, , ,W,9999,40, , ,W,9999,-9999, , , ,9999,-9999, , , ,9999
GHCND:USW00014819,CHICAGO MIDWAY AIRPORT IL US,186.5,41.78611,-87.75222,20161119,0.00,T, ,W,9999,40, , ,W,9999,29, , ,W,9999,-9999, , , ,9999,-9999, , , ,9999
GHCND:USW00014819,CHICAGO MIDWAY AIRPORT IL US,186.5,41.78611,-87.75222,20161120,0.00, , ,W,9999,36, , ,W,9999,25, , ,W,9999,-9999, , , ,9999,-9999, , , ,9999
GHCND:USW00014819,CHICAGO MIDWAY AIRPORT IL US,186.5,41.78611,-87.75222,20161121,0.00, , ,W,9999,43, , ,W,9999,24, , ,W,9999,-9999, , , ,9999,-9999, , , ,9999
GHCND:USW00014819,CHICAGO MIDWAY AIRPORT IL US,186.5,41.78611,-87.75222,20161122,0.01, , ,W,9999,41, , ,W,9999,30, , ,W,9999,-9999, , , ,9999,-9999, , , ,9999
GHCND:USW00014819,CHICAGO MIDWAY AIRPORT IL US,186.5,41.78611,-87.75222,20161123,0.20, , ,W,9999,46, , ,W,9999,38, , ,W,9999,-9999, , , ,9999,-9999, , , ,9999
GHCND:USW00014819,CHICAGO MIDWAY AIRPORT IL US,186.5,41.78611,-87.75222,20161124,0.00,T, ,W,9999,45, , ,W,9999,37, , ,W,9999,-9999, , , ,9999,-9999, , , ,9999
GHCND:USW00014819,CHICAGO MIDWAY AIRPORT IL US,186.5,41.78611,-87.75222,20161125,0.00,T, ,W,9999,42, , ,W,9999,34, , ,W,9999,-9999, , , ,9999,-9999, , , ,9999
GHCND:USW00014819,CHICAGO MIDWAY AIRPORT IL US,186.5,41.78611,-87.75222,20161126,0.00, , ,W,9999,48, , ,W,9999,33, , ,W,9999,-9999, , , ,9999,-9999, , , ,9999
GHCND:USW00014819,CHICAGO MIDWAY AIRPORT IL US,186.5,41.78611,-87.75222,20161127,0.05, , ,W,9999,46, , ,W,9999,35, , ,W,9999,-9999, , , ,9999,-9999, , , ,9999
GHCND:USW00014819,CHICAGO MIDWAY AIRPORT IL US,186.5,41.78611,-87.75222,20161128,0.96, , ,W,9999,53, , ,W,9999,42, , ,W,9999,-9999, , , ,9999,-9999, , , ,9999
GHCND:USW00014819,CHICAGO MIDWAY AIRPORT IL US,186.5,41.78611,-87.75222,20161129,0.00, , ,W,9999,58, , ,W,9999,45, , ,W,9999,-9999, , , ,9999,-9999, , , ,9999
GHCND:USW00014819,CHICAGO MIDWAY AIRPORT IL US,186.5,41.78611,-87.75222,20161130,0.00,T, ,W,9999,47, , ,W,9999,36, , ,W,9999,-9999, , , ,9999,-9999, , , ,9999
GHCND:USW00014819,CHICAGO MIDWAY AIRPORT IL US,186.5,41.78611,-87.75222,20161201,0.00,T, ,W,9999,42, , ,W,9999,37, , ,W,9999,-9999, , , ,9999,-9999, , , ,9999
GHCND:USW00014819,CHICAGO MIDWAY AIRPORT IL US,186.5,41.78611,-87.75222,20161202,0.02, , ,W,9999,41, , ,W,9999,35, , ,W,9999,-9999, , , ,9999,-9999, , , ,9999
GHCND:USW00014819,CHICAGO MIDWAY AIRPORT IL US,186.5,41.78611,-87.75222,20161203,0.00, , ,W,9999,35, , ,W,9999,31, , ,W,9999,-9999, , , ,9999,-9999, , , ,9999
GHCND:USW00014819,CHICAGO MIDWAY AIRPORT IL US,186.5,41.78611,-87.75222,20161204,0.45, , ,W,9999,35, , ,W,9999,30, , ,W,9999,-9999, , , ,9999,-9999, , , ,9999
GHCND:USW00014819,CHICAGO MIDWAY AIRPORT IL US,186.5,41.78611,-87.75222,20161205,0.00, , ,W,9999,35, , ,W,9999,33, , ,W,9999,-9999, , , ,9999,-9999, , , ,9999
GHCND:USW00014819,CHICAGO MIDWAY AIRPORT IL US,186.5,41.78611,-87.75222,20161206,0.00, , ,W,9999,40, , ,W,9999,28, , ,W,9999,-9999, , , ,9999,-9999, , , ,9999
GHCND:USW00014819,CHICAGO MIDWAY AIRPORT IL US,186.5,41.78611,-87.75222,20161207,0.00,T, ,W,9999,30, , ,W,9999,24, , ,W,9999,-9999, , , ,9999,-9999, , , ,9999
GHCND:USW00014819,CHICAGO MIDWAY AIRPORT IL US,186.5,41.78611,-87.75222,20161208,0.00,T, ,W,9999,25, , ,W,9999,18, , ,W,9999,1, , ,W,9999,-9999, , , ,9999
GHCND:USW00014819,CHICAGO MIDWAY AIRPORT IL US,186.5,41.78611,-87.75222,20161209,0.00,T, ,W,9999,26, , ,W,9999,20, , ,W,9999,-9999, , , ,9999,-9999, , , ,9999
GHCND:USW00014819,CHICAGO MIDWAY AIRPORT IL US,186.5,41.78611,-87.75222,20161210,0.09, , ,W,9999,25, , ,W,9999,20, , ,W,9999,1, , ,W,9999,-9999, , , ,9999
GHCND:USW00014819,CHICAGO MIDWAY AIRPORT IL US,186.5,41.78611,-87.75222,20161211,0.29, , ,W,9999,35, , ,W,9999,25, , ,W,9999,1, , ,W,9999,1, , ,W,9999
GHCND:USW00014819,CHICAGO MIDWAY AIRPORT IL US,186.5,41.78611,-87.75222,20161212,0.00,T, ,W,9999,34, , ,W,9999,14, , ,W,9999,1, , ,W,9999,1, , ,W,9999
GHCND:USW00014819,CHICAGO MIDWAY AIRPORT IL US,186.5,41.78611,-87.75222,20161213,0.00,T, ,W,9999,25, , ,W,9999,5, , ,W,9999,1, , ,W,9999,1, , ,W,9999
GHCND:USW00014819,CHICAGO MIDWAY AIRPORT IL US,186.5,41.78611,-87.75222,20161214,0.00,T, ,W,9999,21, , ,W,9999,4, , ,W,9999,-9999, , , ,9999,-9999, , , ,9999
GHCND:USW00014819,CHICAGO MIDWAY AIRPORT IL US,186.5,41.78611,-87.75222,20161215,0.00, , ,W,9999,11, , ,W,9999,1, , ,W,9999,-9999, , , ,9999,-9999, , , ,9999
GHCND:USW00014819,CHICAGO MIDWAY AIRPORT IL US,186.5,41.78611,-87.75222,20161216,0.02, , ,W,9999,23, , ,W,9999,10, , ,W,9999,-9999, , , ,9999,-9999, , , ,9999
GHCND:USW00014819,CHICAGO MIDWAY AIRPORT IL US,186.5,41.78611,-87.75222,20161217,0.04, , ,W,9999,26, , ,W,9999,20, , ,W,9999,-9999, , , ,9999,-9999, , , ,9999
GHCND:USW00014819,CHICAGO MIDWAY AIRPORT IL US,186.5,41.78611,-87.75222,20161218,0.00,T, ,W,9999,20, , ,W,9999,-5, , ,W,9999,-9999, , , ,9999,-9999, , , ,9999
GHCND:USW00014819,CHICAGO MIDWAY AIRPORT IL US,186.5,41.78611,-87.75222,20161219,0.00, , ,W,9999,16, , ,W,9999,-6, , ,W,9999,-9999, , , ,9999,-9999, , , ,9999
GHCND:USW00014819,CHICAGO MIDWAY AIRPORT IL US,186.5,41.78611,-87.75222,20161220,0.00, , ,W,9999,30, , ,W,9999,16, , ,W,9999,-9999, , , ,9999,-9999, , , ,9999
GHCND:USW00014819,CHICAGO MIDWAY AIRPORT IL US,186.5,41.78611,-87.75222,20161221,0.00, , ,W,9999,38, , ,W,9999,22, , ,W,9999,-9999, , , ,9999,-9999, , , ,9999
GHCND:USW00014819,CHICAGO MIDWAY AIRPORT IL US,186.5,41.78611,-87.75222,20161222,0.00, , ,W,9999,39, , ,W,9999,27, , ,W,9999,-9999, , , ,9999,-9999, , , ,9999
GHCND:USW00014819,CHICAGO MIDWAY AIRPORT IL US,186.5,41.78611,-87.75222,20161223,0.05, , ,W,9999,38, , ,W,9999,28, , ,W,9999,-9999, , , ,9999,-9999, , , ,9999
GHCND:USW00014819,CHICAGO MIDWAY AIRPORT IL US,186.5,41.78611,-87.75222,20161224,0.00,T, ,W,9999,37, , ,W,9999,34, , ,W,9999,-9999, , , ,9999,-9999, , , ,9999
GHCND:USW00014819,CHICAGO MIDWAY AIRPORT IL US,186.5,41.78611,-87.75222,20161225,0.04, , ,W,9999,42, , ,W,9999,33, , ,W,9999,-9999, , , ,9999,-9999, , , ,9999
GHCND:USW00014819,CHICAGO MIDWAY AIRPORT IL US,186.5,41.78611,-87.75222,20161226,0.24, , ,W,9999,55, , ,W,9999,30, , ,W,9999,-9999, , , ,9999,-9999, , , ,9999
GHCND:USW00014819,CHICAGO MIDWAY AIRPORT IL US,186.5,41.78611,-87.75222,20161227,0.00, , ,W,9999,32, , ,W,9999,26, , ,W,9999,-9999, , , ,9999,-9999, , , ,9999
GHCND:USW00014819,CHICAGO MIDWAY AIRPORT IL US,186.5,41.78611,-87.75222,20161228,0.00, , ,W,9999,44, , ,W,9999,24, , ,W,9999,-9999, , , ,9999,-9999, , , ,9999
GHCND:USW00014819,CHICAGO MIDWAY AIRPORT IL US,186.5,41.78611,-87.75222,20161229,0.00,T, ,W,9999,36, , ,W,9999,31, , ,W,9999,-9999, , , ,9999,-9999, , , ,9999
GHCND:USW00014819,CHICAGO MIDWAY AIRPORT IL US,186.5,41.78611,-87.75222,20161230,0.00,T, ,W,9999,37, , ,W,9999,25, , ,W,9999,-9999, , , ,9999,-9999, , , ,9999
GHCND:USW00014819,CHICAGO MIDWAY AIRPORT IL US,186.5,41.78611,-87.75222,20161231,0.00, , ,W,9999,43, , ,W,9999,26, , ,W,9999,-9999, , , ,9999,-9999, , , ,9999
